city,persons
111,7
112,8
113,8
114,6
115,6
116,10
117,12
118,6
119,5
120,8
121,11
122,6
123,6
124,11
125,5
126,10
127,10
128,9
129,5
130,6
131,9
132,7
133,7
134,15
135,8
136,13
137,6
138,4
139,9
140,10
141,9
142,7
143,6
144,7
145,6
146,4
147,6
148,10
149,8
150,7
151,4
152,8
153,8
154,11
155,5
156,6
157,4
158,4
159,7
160,7
161,13
162,6
163,7
164,5
165,8
166,4
167,4
168,6
169,4
170,9
171,9
172,3
173,11
174,9
175,5
176,4
177,7
178,14
179,5
180,7
181,5
182,4
183,9
184,14
185,11
186,8
187,12
188,5
189,7
190,7
191,12
192,12
193,4
194,6
195,9
196,9
197,7
198,10
199,11
200,10
201,6
202,5
203,6
204,4
205,10
206,3
207,2
208,11
209,8
210,10
211,14
212,11
213,6
214,7
215,6
216,10
217,10
218,9
219,9
220,8
221,8
222,7
223,14
224,4
225,10
226,6
227,7
228,13
229,10
230,6
231,9
232,7
233,2
234,7
235,8
236,4
237,6
238,9
239,8
240,9
241,9
242,6
243,8
244,4
245,6
246,4
247,6
248,7
249,4
250,8
251,6
252,12
253,8
254,11
255,12
256,8
257,12
258,13
259,14
260,8
261,10
262,10
263,9
264,11
265,7
266,14
267,9
268,8
269,9
270,6
271,8
272,6
273,9
274,12
275,8
276,14
277,10
278,10
279,7
280,11
281,9
282,4
283,15
284,10
285,8
286,5
287,3
288,4
289,12
290,8
291,9
292,8
293,1
294,10
295,10
296,11
297,7
298,5
299,8
300,9
301,2
302,8
303,13
304,3
305,9
306,12
307,11
308,7
309,13
310,11
311,8
312,7
313,10
314,9
315,8
316,9
317,11
318,4
319,7
320,6
321,14
322,6
323,8
324,7
325,8
326,6
327,4
328,8
329,5
330,6
331,6
332,9
333,9
334,8
335,6
336,11
337,9
338,4
339,8
340,9
341,4
342,10
343,9
344,4
345,4
346,9
347,8
348,12
349,7
350,12
351,3
352,5
353,13
354,8
355,8
356,8
357,5
358,7
359,7
360,3
361,10
362,7
363,15
364,4
365,12
366,11
367,10
368,10
369,4
370,10
371,4
372,6
373,11
374,7
375,9
376,13
377,7
378,12
379,6
380,6
381,11
382,5
383,5
384,7
385,7
386,9
387,7
388,4
389,13
390,14
391,8
392,9
393,9
394,7
395,6
396,3
397,9
398,9
399,12
400,9
401,8
402,11
403,4
404,11
405,7
406,6
407,6
408,10
409,15
410,8
411,10
412,9
413,8
414,9
415,5
416,10
417,3
418,7
419,7
420,12
421,7
422,13
423,14
424,8
425,12
426,10
427,13
428,8
429,7
430,6
431,7
432,9
433,2
434,1
435,4
436,13
437,8
438,8
439,9
440,8
441,11
442,12
443,4
444,6
445,8
446,8
447,6
448,12
449,11
450,7
451,7
452,6
453,5
454,8
455,4
456,11
457,9
458,9
459,3
460,9
461,9
462,9
463,9
464,11
465,7
466,7
467,7
468,7
469,5
470,7
471,10
472,7
473,10
474,8
475,13
476,5
477,6
478,8
479,5
480,9
481,10
482,8
483,6
484,9
485,6
486,9
487,8
488,13
489,9
490,10
491,12
492,8
493,8
494,9
495,12
496,5
497,9
498,6
499,15
500,6
501,11
502,9
503,8
504,10
505,7
506,8
507,12
508,3
509,12
510,9
511,11
512,8
513,6
514,4
515,13
516,6
517,8
518,7
519,8
520,11
521,11
522,9
523,13
524,13
525,11
526,5
527,6
528,6
529,8
530,6
531,8
532,6
533,8
534,8
535,5
536,9
537,14
538,6
539,10
540,8
541,10
542,7
543,6
544,4
545,3
546,9
547,11
548,5
549,10
550,9
551,6
552,7
553,9
554,9
555,10
556,8
557,5
558,13
559,6
560,6
561,8
562,9
563,5
564,9
565,4
566,2
567,14
568,9
569,13
570,8
571,6
572,7
573,8
574,8
575,10
576,8
577,8
578,3
579,9
580,9
581,10
582,6
583,6
584,4
585,13
586,5
587,3
588,6
589,6
590,8
591,12
592,10
593,8
594,12
595,5
596,9
597,4
598,7
599,14
600,3
601,5
602,6
603,13
604,11
605,7
606,8
607,6
608,12
609,8
610,6
611,10
612,12
613,9
614,8
615,14
616,6
617,10
618,11
619,8
620,5
621,13
622,7
623,12
624,9
625,9
626,8
627,4
628,8
629,2
630,2
631,6
632,12
633,7
634,7
635,6
636,5
637,8
638,10
639,8
640,12
641,7
642,6
643,11
644,5
645,6
646,8
647,3
648,3
649,6
650,9
651,8
652,12
653,6
654,7
655,8
656,9
657,7
658,10
659,8
660,5
661,11
662,4
663,3
664,4
665,14
666,7
667,12
668,10
669,4
670,10
671,6
672,11
673,6
674,10
675,5
676,6
677,10
678,9
679,7
680,6
681,4
682,11
683,7
684,11
685,9
686,10
687,2
688,3
689,6
690,11
691,7
692,6
693,10
694,7
695,9
696,11
697,4
698,7
699,6
700,2
701,4
702,10
703,10
704,6
705,9
706,10
707,2
708,12
709,8
710,13
711,6
712,8
713,10
714,6
715,7
716,7
717,4
718,10
719,14
720,14
721,8
722,12
723,7
724,17
725,9
726,12
727,9
728,7
729,10
730,7
731,10
732,5
733,5
734,3
735,5
736,1
737,5
738,6
739,4
740,7
741,15
742,11
743,9
744,7
745,12
746,9
747,6
748,4
749,7
750,13
751,5
752,9
753,9
754,10
755,12
756,10
757,7
758,10
759,4
760,8
761,7
762,5
763,3
764,9
765,14
766,7
767,8
768,13
769,8
770,5
771,10
772,11
773,13
774,6
775,9
776,7
777,9
778,9
779,8
780,11
781,7
782,7
783,3
784,11
785,12
786,9
787,8
788,3
789,4
790,6
791,14
792,7
793,6
794,10
795,9
796,13
797,12
798,11
799,7
800,5
801,6
802,4
803,6
804,9
805,11
806,11
807,9
808,7
809,7
810,8
811,11
812,8
813,6
814,5
815,7
816,9
817,7
818,5
819,13
820,10
821,8
822,10
823,5
824,11
825,6
826,11
827,5
828,11
829,7
830,10
831,14
832,5
833,10
834,6
835,11
836,4
837,9
838,7
839,7
840,6
841,9
842,9
843,11
844,13
845,10
846,9
847,9
848,9
849,9
850,8
851,4
852,8
853,7
854,8
855,7
856,6
857,11
858,9
859,5
860,10
861,3
862,5
863,10
864,7
865,5
866,10
867,14
868,6
869,5
870,7
871,9
872,8
873,8
874,6
875,9
876,15
877,9
878,9
879,10
880,7
881,4
882,10
883,9
884,12
885,7
886,7
887,5
888,5
889,6
890,13
891,10
892,11
893,8
894,8
895,5
896,5
897,8
898,4
899,7
900,7
901,9
902,9
903,4
904,6
905,7
906,12
907,7
908,3
909,11
910,4
911,4
912,5
913,7
914,4
915,11
916,10
917,7
918,9
919,13
920,7
921,5
922,6
923,8
924,11
925,10
926,5
927,7
928,8
929,5
930,14
931,8
932,8
933,14
934,7
935,7
936,10
937,6
938,12
939,5
940,9
941,12
942,14
943,13
944,12
945,7
946,6
947,8
948,6
949,12
950,6
951,11
952,9
953,6
954,7
955,10
956,9
957,15
958,10
959,11
960,5
961,8
962,4
963,8
964,11
965,10
966,7
967,7
968,13
969,7
970,4
971,7
972,13
973,7
974,9
975,8
976,8
977,5
978,8
979,4
980,11
981,13
982,11
983,13
984,6
985,9
986,9
987,6
988,2
989,6
990,5
991,10
992,8
993,9
994,9
995,6
996,6
997,12
998,10
999,6
1000,7
1001,7
1002,6
1003,8
1004,8
1005,9
1006,8
1007,5
1008,5
1009,5
1010,11
1011,17
1012,9
1013,6
1014,15
1015,4
1016,5
1017,14
1018,5
1019,9
1020,11
1021,11
1022,9
1023,7
1024,6
1025,7
1026,9
1027,6
1028,7
1029,9
1030,5
1031,5
1032,7
1033,7
1034,4
1035,6
1036,5
1037,8
1038,9
1039,8
1040,11
1041,10
1042,6
1043,8
1044,10
1045,8
1046,14
1047,10
1048,10
1049,6
1050,8
1051,6
1052,8
1053,9
1054,7
1055,10
1056,4
1057,10
1058,13
1059,4
1060,5
1061,8
1062,12
1063,10
1064,16
1065,6
1066,6
1067,9
1068,8
1069,16
1070,10
1071,10
1072,12
1073,5
1074,12
1075,11
1076,8
1077,7
1078,8
1079,5
1080,11
1081,6
1082,11
1083,9
1084,9
1085,13
1086,12
1087,11
1088,10
1089,8
1090,9
1091,9
1092,6
1093,8
1094,3
1095,7
1096,6
1097,8
1098,7
1099,12
1100,8
1101,10
1102,10
1103,7
1104,8
1105,5
1106,9
1107,7
1108,10
1109,13
1110,14
1111,8
1112,5
1113,10
1114,8
1115,4
1116,10
1117,7
1118,6
1119,4
1120,5
1121,6
1122,11
1123,10
1124,13
1125,15
1126,10
1127,12
1128,9
1129,13
1130,9
1131,12
1132,4
1133,9
1134,12
1135,3
1136,7
1137,6
1138,8
1139,9
1140,10
1141,7
1142,11
1143,11
1144,8
1145,6
1146,7
1147,9
1148,5
1149,4
1150,4
1151,9
1152,8
1153,6
1154,17
1155,4
1156,8
1157,14
1158,9
1159,6
1160,8
1161,7
1162,9
1163,6
1164,7
1165,9
1166,6
1167,10
1168,13
1169,6
1170,8
1171,3
1172,10
1173,6
1174,4
1175,12
1176,4
1177,12
1178,10
1179,6
1180,5
1181,9
1182,4
1183,5
1184,6
1185,11
1186,9
1187,12
1188,7
1189,8
1190,7
1191,8
1192,14
1193,5
1194,14
1195,9
1196,8
1197,12
1198,6
1199,8
1200,4
1201,8
1202,7
1203,9
1204,14
1205,10
1206,8
1207,10
1208,9
1209,14
1210,11
1211,8
1212,7
1213,6
1214,13
1215,6
1216,12
1217,13
1218,9
1219,5
1220,9
1221,3
1222,15
1223,9
1224,7
1225,7
1226,11
1227,9
1228,2
1229,8
1230,9
1231,3
1232,10
1233,4
1234,5
1235,6
1236,8
1237,4
1238,12
1239,7
1240,7
1241,10
1242,12
1243,7
1244,9
1245,13
1246,4
1247,10
1248,10
1249,10
1250,6
1251,9
1252,8
1253,9
1254,8
1255,5
1256,8
1257,10
1258,7
1259,11
1260,9
1261,8
1262,7
1263,6
1264,6
1265,7
1266,9
1267,8
1268,6
1269,6
1270,4
1271,8
1272,4
1273,8
1274,6
1275,6
1276,11
1277,4
1278,10
1279,4
1280,8
1281,6
1282,8
1283,4
1284,10
1285,14
1286,8
1287,6
1288,4
1289,10
1290,4
1291,5
1292,14
1293,8
1294,5
1295,14
1296,7
1297,14
1298,8
1299,9
1300,10
1301,11
1302,9
1303,9
1304,13
1305,11
1306,8
1307,12
1308,11
1309,7
1310,9
1311,5
1312,11
1313,7
1314,9
1315,5
1316,10
1317,9
1318,10
1319,10
1320,9
1321,11
1322,14
1323,8
1324,9
1325,11
1326,11
1327,13
1328,10
1329,6
1330,8
1331,7
1332,11
1333,6
1334,6
1335,4
1336,3
1337,12
1338,10
1339,12
1340,9
1341,9
1342,19
1343,6
1344,5
1345,10
1346,6
1347,6
1348,8
1349,7
1350,12
1351,10
1352,13
1353,10
1354,8
1355,6
1356,7
1357,6
1358,5
1359,7
1360,15
1361,7
1362,8
1363,13
1364,9
1365,9
1366,9
1367,8
1368,12
1369,10
1370,7
1371,2
1372,5
1373,4
1374,8
1375,11
1376,8
1377,9
1378,6
1379,17
1380,8
1381,7
1382,10
1383,7
1384,5
1385,14
1386,12
1387,9
1388,6
1389,2
1390,10
1391,7
1392,6
1393,8
1394,14
1395,12
1396,10
1397,10
1398,12
1399,8
1400,5
1401,14
1402,4
1403,7
1404,3
1405,7
1406,6
1407,7
1408,9
1409,4
1410,7
1411,4
1412,5
1413,9
1414,9
1415,9
1416,9
1417,9
1418,8
1419,10
1420,13
1421,7
1422,17
1423,19
1424,18
1425,20
1426,11
1427,10
1428,8
1429,9
1430,5
1431,8
1432,15
1433,7
1434,10
1435,5
1436,7
1437,5
1438,7
1439,14
1440,16
1441,9
1442,7
1443,7
1444,10
1445,9
1446,5
1447,9
1448,4
1449,9
1450,2
1451,8
1452,6
1453,4
